id,temperature,humidity,temp_ds,timestamp
2022,27.9,65.8,28.5,6/19/2025 12:21
2023,27.6,66.5,28.437,6/19/2025 12:21
2024,27.6,66.4,28.375,6/19/2025 12:21
2025,27.5,66.6,28.25,6/19/2025 12:21
2026,27.5,66.6,28.125,6/19/2025 12:22
2027,27.4,66.7,28.062,6/19/2025 12:22
2028,27.4,67.4,28.062,6/19/2025 12:22
2029,27.3,66.6,28,6/19/2025 12:22
2030,27.3,66.7,28,6/19/2025 12:23
2031,27.3,66.7,28.5,6/19/2025 12:47
2032,27,68.1,28.5,6/19/2025 12:47
2033,27,68,28.437,6/19/2025 12:47
2034,27,68,28.437,6/19/2025 12:47
2035,27,68,28.437,6/19/2025 12:47
2036,27,68,28.437,6/19/2025 12:47
2037,27,67.9,28.375,6/19/2025 12:47
2038,27,67.9,28.375,6/19/2025 12:47
2039,27,67.9,28.375,6/19/2025 12:48
2040,27.1,68,28.375,6/19/2025 12:48
2041,27,68.1,28.25,6/19/2025 12:48
2042,27,68,28.125,6/19/2025 12:48
2043,27,68.3,27.937,6/19/2025 12:48
2044,27,67.9,27.812,6/19/2025 12:48
2045,27,67.7,27.687,6/19/2025 12:48
2046,27,67.6,27.5,6/19/2025 12:48
2047,26.9,67.6,27.375,6/19/2025 12:48
2048,26.9,67.6,27.312,6/19/2025 12:48
2049,26.9,67.6,27.125,6/19/2025 12:48
2050,26.8,67.7,27.062,6/19/2025 12:48
2051,26.8,67.8,25.625,6/19/2025 12:50
2052,25.8,70.3,25.625,6/19/2025 12:50
2053,24.4,74.1,24.875,6/19/2025 13:00
2054,24.4,74.2,24.937,6/19/2025 13:00
2055,24.4,74.2,24.875,6/19/2025 13:00
2056,24.4,74.1,24.875,6/19/2025 13:00
2057,24.4,74.1,24.875,6/19/2025 13:00
2058,24.4,74.2,24.937,6/19/2025 13:00
2059,24.4,74.2,24.875,6/19/2025 13:01
2060,24.4,74.1,24.875,6/19/2025 13:01
2061,24.4,74.1,24.937,6/19/2025 13:01
2062,24.4,74.1,24.875,6/19/2025 13:01
2063,24.4,74.2,24.875,6/19/2025 13:01
2064,24.4,74.1,24.875,6/19/2025 13:01
2065,24.4,74.2,24.875,6/19/2025 13:01
2066,24.4,74.2,24.875,6/19/2025 13:01
2067,24.4,74.2,24.875,6/19/2025 13:01
2068,24.4,74.2,24.875,6/19/2025 13:01
2069,24.4,74.2,24.875,6/19/2025 13:01
2070,24.4,74.2,24.875,6/19/2025 13:01
2071,24.4,74.2,24.875,6/19/2025 13:01
2072,24.4,74.2,24.875,6/19/2025 13:01
2073,24.4,74.3,24.875,6/19/2025 13:02
2074,24.4,74.3,24.875,6/19/2025 13:02
2075,24.4,74.3,24.937,6/19/2025 13:02
2076,24.4,74.4,24.875,6/19/2025 13:02
2077,24.4,74.4,24.875,6/19/2025 13:02
2078,24.4,74.4,24.937,6/19/2025 13:02
2079,24.4,74.4,24.937,6/19/2025 13:02
2080,24.4,74.5,24.875,6/19/2025 13:02
2081,24.4,74.4,24.937,6/19/2025 13:02
2082,24.4,74.5,24.937,6/19/2025 13:02
2083,24.4,74.5,24.937,6/19/2025 13:02
2084,24.4,74.5,24.875,6/19/2025 13:02
2085,24.4,74.5,24.937,6/19/2025 13:02
2086,24.4,74.4,24.937,6/19/2025 13:02
2087,24.4,74.4,24.937,6/19/2025 13:02
2088,24.4,74.5,24.937,6/19/2025 13:03
2089,24.4,74.5,24.937,6/19/2025 13:03
2090,24.4,74.5,24.937,6/19/2025 13:03
2091,24.4,74.5,24.875,6/19/2025 13:03
2092,24.4,74.5,24.875,6/19/2025 13:03
2093,24.4,74.5,24.937,6/19/2025 13:03
2094,24.4,74.6,24.937,6/19/2025 13:03
2095,24.4,74.5,24.937,6/19/2025 13:03
2096,24.4,74.5,24.937,6/19/2025 13:03
2097,24.4,74.5,24.937,6/19/2025 13:03
2098,24.4,74.5,24.937,6/19/2025 13:03
2099,24.4,74.5,24.937,6/19/2025 13:03
2100,24.4,74.5,24.937,6/19/2025 13:03
2101,24.4,74.5,24.937,6/19/2025 13:03
2102,24.4,74.5,24.937,6/19/2025 13:04
2103,24.4,74.5,24.937,6/19/2025 13:04
2104,24.4,74.5,24.937,6/19/2025 13:04
2105,24.4,74.4,24.937,6/19/2025 13:04
2106,24.4,74.5,24.937,6/19/2025 13:04
2107,24.4,74.5,24.937,6/19/2025 13:04
2108,24.4,74.5,24.937,6/19/2025 13:04
2109,24.4,74.5,24.937,6/19/2025 13:04
2110,24.4,74.6,24.875,6/19/2025 13:04
2111,24.4,74.6,24.937,6/19/2025 13:04
2112,24.4,74.6,24.937,6/19/2025 13:04
2113,24.4,74.6,24.937,6/19/2025 13:04
2114,24.4,74.6,24.937,6/19/2025 13:04
2115,24.4,74.6,24.937,6/19/2025 13:04
2116,24.4,74.6,24.937,6/19/2025 13:05
2117,24.4,74.6,24.937,6/19/2025 13:05
2118,24.4,74.6,24.937,6/19/2025 13:05
2119,24.4,74.6,24.937,6/19/2025 13:05
2120,24.4,74.6,24.937,6/19/2025 13:05
2121,24.4,74.6,24.937,6/19/2025 13:05
2122,24.4,74.6,24.937,6/19/2025 13:05
2123,24.4,74.6,24.875,6/19/2025 13:05
2124,24.4,74.6,24.937,6/19/2025 13:05
2125,24.4,74.6,24.937,6/19/2025 13:05
2126,24.4,74.6,24.875,6/19/2025 13:05
2127,24.4,74.6,24.937,6/19/2025 13:05
2128,24.4,74.6,24.937,6/19/2025 13:05
2129,24.4,74.6,24.937,6/19/2025 13:06
2130,24.4,74.6,25.25,6/19/2025 13:08
2131,24.4,75,25.187,6/19/2025 13:08
2132,24.4,74.5,25.187,6/19/2025 13:08
2133,24.5,74.2,25.187,6/19/2025 13:08
2134,24.5,74.1,25.125,6/19/2025 13:08
2135,24.5,73.8,25.125,6/19/2025 13:09
2136,24.5,73.6,25.062,6/19/2025 13:09
2137,24.5,73.5,25.062,6/19/2025 13:09
2138,24.5,73.4,25.062,6/19/2025 13:09
2139,24.5,73.4,25,6/19/2025 13:09
2140,24.5,73.3,25,6/19/2025 13:09
2141,24.5,73.3,25,6/19/2025 13:09
2142,24.6,73.3,24.937,6/19/2025 13:09
2143,24.6,73.3,24.937,6/19/2025 13:09
2144,24.6,73.2,24.687,6/19/2025 13:16
2145,24.5,73.9,24.687,6/19/2025 13:16
2146,24.5,73.9,24.687,6/19/2025 13:17
2147,24.5,73.8,24.687,6/19/2025 13:17
2148,24.5,73.7,24.687,6/19/2025 13:17
2149,24.5,73.7,24.687,6/19/2025 13:17
2150,24.5,73.6,24.687,6/19/2025 13:17
2151,24.5,73.5,24.687,6/19/2025 13:17
2152,24.6,73.6,24.687,6/19/2025 13:17
2153,24.5,73.6,24.687,6/19/2025 13:17
2154,24.5,73.7,24.687,6/19/2025 13:17
2155,24.5,73.6,24.687,6/19/2025 13:17
2156,24.6,73.6,24.687,6/19/2025 13:17
2157,24.5,73.5,24.687,6/19/2025 13:17
2158,24.5,73.6,24.687,6/19/2025 13:17
2159,24.5,73.6,24.687,6/19/2025 13:17
2160,24.5,73.6,24.687,6/19/2025 13:18
2161,24.5,73.6,24.687,6/19/2025 13:18
2162,24.5,73.5,24.687,6/19/2025 13:18
2163,24.5,73.5,24.687,6/19/2025 13:18
2164,24.6,73.5,24.687,6/19/2025 13:18
2165,24.6,73.5,24.687,6/19/2025 13:18
2166,24.6,73.5,24.687,6/19/2025 13:18
2167,24.6,73.5,24.687,6/19/2025 13:18
2168,24.5,73.5,24.687,6/19/2025 13:18
2169,24.5,73.5,24.687,6/19/2025 13:18
2170,24.6,73.5,24.687,6/19/2025 13:18
2171,24.6,73.4,24.687,6/19/2025 13:18
2172,24.6,73.4,25.375,6/19/2025 13:19
2173,24.6,75.5,25.5,6/19/2025 13:19
2174,24.7,75.1,25.687,6/19/2025 13:19
2175,24.8,74.9,25.75,6/19/2025 13:19
2176,24.8,74.7,25.812,6/19/2025 13:19
2177,24.8,75,25.875,6/19/2025 13:19
2178,25,74.3,26,6/19/2025 13:19
2179,25,74,26.062,6/19/2025 13:19
2180,25.1,73.8,26.125,6/19/2025 13:20
2181,25.2,73.6,26.125,6/19/2025 13:20
2182,25.2,73.4,26.187,6/19/2025 13:20
2183,25.3,73.3,26.187,6/19/2025 13:20
2184,25.3,73.1,26.25,6/19/2025 13:20
2185,25.4,72.9,26.312,6/19/2025 13:20
2186,25.4,72.8,26.312,6/19/2025 13:20
2187,25.5,72.7,26.375,6/19/2025 13:20
2188,25.5,72.6,26.437,6/19/2025 13:20
2189,25.6,72.5,26.5,6/19/2025 13:20
2190,25.6,72.5,26.437,6/19/2025 13:20
2191,25.7,72.4,26.5,6/19/2025 13:20
2192,25.7,72.4,26.562,6/19/2025 13:20
2193,25.8,72.5,26.562,6/19/2025 13:20
2194,25.8,72,26.562,6/19/2025 13:20
2195,25.9,71.9,26.562,6/19/2025 13:21
2196,25.9,71.9,26.562,6/19/2025 13:21
2197,26,71.7,26.625,6/19/2025 13:21
2198,26,71.4,26.625,6/19/2025 13:21
2199,26,71.2,26.625,6/19/2025 13:21
2200,26.1,71.1,26.625,6/19/2025 13:21
2201,26.1,71,26.625,6/19/2025 13:21
2202,26.2,70.9,26.687,6/19/2025 13:21
2203,26.2,70.8,26.687,6/19/2025 13:21
2204,26.2,70.7,26.687,6/19/2025 13:21
2205,26.2,70.8,26.687,6/19/2025 13:21
2206,26.3,70.6,26.687,6/19/2025 13:21
2207,26.3,70.4,26.687,6/19/2025 13:21
2208,26.3,72.4,26.687,6/19/2025 13:21
2209,26.4,71.3,26.75,6/19/2025 13:22
2210,26.4,70.7,26.75,6/19/2025 13:22
2211,26.4,70.3,26.75,6/19/2025 13:22
2212,26.5,70.1,26.75,6/19/2025 13:22
2213,26.5,70,26.812,6/19/2025 13:22
2214,26.5,70.2,26.812,6/19/2025 13:22
2215,26.5,70.4,26.812,6/19/2025 13:22
2216,26.6,70,26.812,6/19/2025 13:22
2217,26.6,69.8,26.812,6/19/2025 13:22
2218,26.6,69.7,26.812,6/19/2025 13:22
2219,28.1,62.9,29.187,6/19/2025 13:26
2220,28.1,63.8,29.187,6/19/2025 13:26
2221,28.1,63,29.187,6/19/2025 13:26
2222,28.1,63,29.25,6/19/2025 13:26
2223,28.1,63.3,29.25,6/19/2025 13:26
2224,28.1,63.2,29.25,6/19/2025 13:26
2225,28.2,62.9,29.25,6/19/2025 13:27
2226,28.2,62.5,29.312,6/19/2025 13:27
2227,28.2,62.4,29.25,6/19/2025 13:28
2228,28.3,63.1,29.25,6/19/2025 13:28
2229,28.3,62.5,29.25,6/19/2025 13:28
2230,26.4,67.8,26.75,6/19/2025 14:24
2231,27,66.6,26.812,6/19/2025 14:24
2232,27,66.5,26.812,6/19/2025 14:24
2233,27,66.5,26.812,6/19/2025 14:24
2234,27,66.4,26.812,6/19/2025 14:25
2235,27,66.4,26.812,6/19/2025 14:25
2236,27,66.5,26.875,6/19/2025 14:25
2237,27.1,66.4,26.812,6/19/2025 14:25
2238,27,66.3,26.812,6/19/2025 14:25
2239,27,66.3,26.875,6/19/2025 14:25
2240,27.1,66.3,26.875,6/19/2025 14:25
2241,27,66.3,26.875,6/19/2025 14:25
2242,27.1,66.4,26.812,6/19/2025 14:25
2243,27.1,66.3,26.812,6/19/2025 14:25
2244,27,66.5,26.812,6/19/2025 14:25
2245,27.1,66.3,26.812,6/19/2025 14:25
2246,27.1,66.3,26.812,6/19/2025 14:25
2247,27.1,66.3,26.812,6/19/2025 14:25
2248,27.1,66.4,26.812,6/19/2025 14:26
2249,27.1,66.4,26.812,6/19/2025 14:26
2250,27.1,66.3,26.812,6/19/2025 14:26
2251,27.1,66.2,26.812,6/19/2025 14:26
2252,27.1,66.2,26.812,6/19/2025 14:26
2253,27.1,66.1,26.812,6/19/2025 14:26
2254,27.1,66.2,26.812,6/19/2025 14:26
2255,27.1,66.1,26.812,6/19/2025 14:26
2256,27.1,66.3,26.812,6/19/2025 14:26
2257,27.1,66.5,26.812,6/19/2025 14:26
2258,27.1,66.6,26.812,6/19/2025 14:26
2259,27.1,66.6,26.875,6/19/2025 14:26
2260,27.1,66.5,26.812,6/19/2025 14:26
2261,27.1,66.5,26.812,6/19/2025 14:26
2262,27.1,66.5,26.812,6/19/2025 14:26
2263,27.1,66.4,26.812,6/19/2025 14:27
2264,27,66.2,26.812,6/19/2025 14:27
2265,27.1,66,26.812,6/19/2025 14:27
2266,27.1,65.8,26.812,6/19/2025 14:27
2267,27.1,65.7,26.812,6/19/2025 14:27
2268,27.1,65.7,26.75,6/19/2025 14:27
2269,27,65.7,26.812,6/19/2025 14:27
2270,27,65.6,26.812,6/19/2025 14:27
2271,27,65.5,26.812,6/19/2025 14:27
2272,27,65.5,26.812,6/19/2025 14:27
2273,27.1,65.5,26.812,6/19/2025 14:27
2274,27,65.4,26.812,6/19/2025 14:27
2275,27,65.4,26.812,6/19/2025 14:27
2276,27,65.5,26.812,6/19/2025 14:27
2277,27.1,66.5,26.812,6/19/2025 14:28
2278,27,65.9,26.812,6/19/2025 14:28
2279,27,65.5,26.812,6/19/2025 14:28
2280,27,65.4,26.812,6/19/2025 14:28
2281,27.1,65.4,26.812,6/19/2025 14:28
2282,27,65.4,26.812,6/19/2025 14:28
2283,27.1,65.2,26.812,6/19/2025 14:28
2284,27.1,65.3,26.812,6/19/2025 14:28
2285,27.1,66.1,26.875,6/19/2025 14:28
2286,27.1,65.9,26.812,6/19/2025 14:28
2287,27.1,65.7,26.812,6/19/2025 14:28
2288,27.1,65.5,26.812,6/19/2025 14:28
2289,27.1,65.4,26.875,6/19/2025 14:28
2290,27.1,65.3,26.812,6/19/2025 14:28
2291,27.1,65.3,26.812,6/19/2025 14:28
2292,27.1,65.2,26.812,6/19/2025 14:29
2293,27.1,65.1,26.812,6/19/2025 14:29
2294,27.1,65.2,26.812,6/19/2025 14:29
2295,27.1,65.1,26.875,6/19/2025 14:29
2296,27.1,65,26.812,6/19/2025 14:29
2297,27.1,64.9,26.812,6/19/2025 14:29
2298,27.1,65.1,26.875,6/19/2025 14:29
2299,27.1,65.2,26.812,6/19/2025 14:29
2300,27.1,65.1,26.812,6/19/2025 14:29
2301,27.1,64.9,26.812,6/19/2025 14:29
2302,27.1,64.8,26.812,6/19/2025 14:29
2303,26.5,65.8,26.25,6/19/2025 14:34
2304,26.5,65.7,26.25,6/19/2025 14:34
2305,26.5,65.6,26.25,6/19/2025 14:34
2306,26.5,65.6,26.25,6/19/2025 14:34
2307,26.5,65.5,26.25,6/19/2025 14:34
2308,26.5,65.4,26.25,6/19/2025 14:34
2309,26.5,65.3,26.187,6/19/2025 14:34
2310,26.5,65.4,26.187,6/19/2025 14:34
2311,26.5,65.4,26.187,6/19/2025 14:34
2312,26.5,65.4,26.187,6/19/2025 14:34
2313,26.5,65.5,26.187,6/19/2025 14:34
2314,26.4,65.5,26.187,6/19/2025 14:35
2315,26.5,65.4,26.25,6/19/2025 14:35
2316,26.5,65.4,26.187,6/19/2025 14:35
2317,26.4,65.4,26.25,6/19/2025 14:35
2318,26.5,65.2,26.187,6/19/2025 14:35
2319,26.5,65.2,26.187,6/19/2025 14:35
2320,26.5,65.3,26.187,6/19/2025 14:35
2321,26.5,65.3,26.187,6/19/2025 14:35
2322,26.4,65.2,26.187,6/19/2025 14:35
2323,26.4,65.3,26.187,6/19/2025 14:35
2324,26.4,65.3,26.187,6/19/2025 14:35
2325,26.4,65.3,26.187,6/19/2025 14:35
2326,26.4,65.4,26.187,6/19/2025 14:35
2327,26.4,65.5,26.187,6/19/2025 14:35
2328,26.4,65.4,26.187,6/19/2025 14:35
2329,26.4,65.5,26.125,6/19/2025 14:36
2330,25.4,67.8,27.312,6/19/2025 14:42
2331,26.1,66.5,27.437,6/19/2025 14:42
2332,26.1,67.1,27.5,6/19/2025 14:42
2333,26.3,67,27.625,6/19/2025 14:43
2334,26.3,66.4,27.75,6/19/2025 14:43
2335,26.4,65.9,27.812,6/19/2025 14:43
2336,26.4,65.6,27.875,6/19/2025 14:43
2337,26.5,65.7,27.937,6/19/2025 14:43
2338,26.5,65.7,27.937,6/19/2025 14:43
2339,26.6,64.9,28.062,6/19/2025 14:43
2340,26.7,64.6,28.125,6/19/2025 14:43
2341,26.7,64.5,29.937,6/19/2025 14:43
2342,26.7,64.6,29.687,6/19/2025 14:43
2343,26.8,65.1,29.562,6/19/2025 14:43
2344,26.8,65.2,29.5,6/19/2025 14:43
2345,26.8,65.2,29.375,6/19/2025 14:43
2346,26.9,64.8,29.312,6/19/2025 14:44
2347,26.9,64.8,29.312,6/19/2025 14:44
2348,27,64.7,29.312,6/19/2025 14:44
2349,27,64.7,29.25,6/19/2025 14:44
2350,27,64.5,29.187,6/19/2025 14:44
2351,27.1,64.8,29.187,6/19/2025 14:44
2352,27.1,65,29.187,6/19/2025 14:44
2353,27.1,64.6,29.187,6/19/2025 14:44
2354,27.2,64.8,29.125,6/19/2025 14:44
2355,27.2,64.5,29.125,6/19/2025 14:44
2356,27.2,64.6,29.125,6/19/2025 14:44
2357,27.2,64.2,29.125,6/19/2025 14:44
2358,27.2,64.4,29.062,6/19/2025 14:44
2359,27.3,64.3,29.062,6/19/2025 14:44
2360,27.3,64.6,29.062,6/19/2025 14:45
2361,27.3,64.7,29.062,6/19/2025 14:45
2362,29.7,57.3,27.5,6/19/2025 14:55
2363,27.8,60.1,27.5,6/19/2025 14:55
2364,27.8,60.4,27.562,6/19/2025 14:55
2365,27.8,60.8,27.562,6/19/2025 14:55
2366,27.8,60.7,27.5,6/19/2025 14:55
2367,27.8,60.9,27.5,6/19/2025 14:55
2368,27.8,61,27.5,6/19/2025 14:55
2369,27.8,60.8,27.5,6/19/2025 14:55
2370,27.8,60.8,27.5,6/19/2025 14:55
2371,27.7,60.7,27.5,6/19/2025 14:55
2372,27.7,61,27.5,6/19/2025 14:56
2373,27.7,60.9,27.5,6/19/2025 14:56
2374,27.7,61.1,27.562,6/19/2025 14:56
2375,27.7,61.1,27.562,6/19/2025 14:56
2376,27.7,61.2,27.5,6/19/2025 14:56
2377,27.7,61,27.562,6/19/2025 14:56
2378,27.7,61,27.5,6/19/2025 14:56
2379,27.7,61.1,27.5,6/19/2025 14:56
2380,27.7,61.4,27.562,6/19/2025 14:56
2381,27.7,61.2,27.562,6/19/2025 14:56
2382,27.7,61.1,27.562,6/19/2025 14:56
2383,27.7,60.9,27.5,6/19/2025 14:56
2384,27.7,60.9,27.5,6/19/2025 14:56
2385,27.6,60.9,27.5,6/19/2025 14:57
2386,27.6,60.9,27.5,6/19/2025 14:57
2387,27.6,61.2,27.5,6/19/2025 14:57
2388,27.6,61.9,27.5,6/19/2025 14:57
2389,27.6,61.8,27.5,6/19/2025 14:57
2390,27.6,61.6,27.5,6/19/2025 14:57
2391,27.6,61.7,27.562,6/19/2025 14:57
2392,27.6,61.5,27.562,6/19/2025 14:57
2393,27.6,61.5,27.562,6/19/2025 14:57
2394,27.6,61.7,27.5,6/19/2025 14:57
2395,27.6,61.6,27.562,6/19/2025 14:57
2396,27.6,61.5,27.562,6/19/2025 14:57
2397,27.6,61.4,27.5,6/19/2025 14:57
2398,27.6,61.4,27.562,6/19/2025 14:57
2399,27.6,61.4,27.5,6/19/2025 14:57
2400,27.6,61.6,27.5,6/19/2025 14:58
2401,27.6,61.5,27.562,6/19/2025 14:58
2402,27.6,61.8,27.5,6/19/2025 14:58
2403,27.6,61.9,27.562,6/19/2025 14:58
2404,27.6,61.8,27.5,6/19/2025 14:58
2405,27.6,61.7,27.562,6/19/2025 14:58
2406,27.6,61.7,27.562,6/19/2025 14:58
2407,27.6,61.8,27.562,6/19/2025 14:58
2408,27.5,62.1,27.562,6/19/2025 14:58
2409,27.5,62.3,27.562,6/19/2025 14:58
2410,27.6,62.4,27.562,6/19/2025 14:58
2411,27.5,62.2,27.562,6/19/2025 14:58
2412,27.6,61.9,27.562,6/19/2025 14:58
2413,27.5,62.1,27.5,6/19/2025 14:58
2414,27.5,62.2,27.562,6/19/2025 14:58
2415,27.5,62.2,27.625,6/19/2025 14:59
2416,27.5,62.7,27.625,6/19/2025 14:59
2417,27.5,62.6,27.625,6/19/2025 14:59
2418,27.5,62.2,27.687,6/19/2025 14:59
2419,27.5,62,27.687,6/19/2025 14:59
2420,27.5,61.8,27.75,6/19/2025 14:59
2421,27.5,63.2,27.75,6/19/2025 14:59
2422,27.5,63,27.75,6/19/2025 14:59
2423,27.5,62.3,27.75,6/19/2025 14:59
2424,27.5,62.1,27.75,6/19/2025 14:59
2425,27.5,61.9,27.812,6/19/2025 14:59
2426,27.5,61.9,27.812,6/19/2025 14:59
2427,27.5,62,27.812,6/19/2025 14:59
2428,27.5,62.6,27.812,6/19/2025 14:59
2429,27.5,62.2,27.812,6/19/2025 15:00
2430,27.5,62.8,27.875,6/19/2025 15:00
2431,27.6,62.7,27.875,6/19/2025 15:00
2432,27.5,62.4,27.812,6/19/2025 15:00
2433,27.6,62.2,27.812,6/19/2025 15:00
2434,27.6,62.4,27.812,6/19/2025 15:00
2435,27.6,63.5,27.812,6/19/2025 15:00
2436,27.6,63.7,27.812,6/19/2025 15:00
2437,27.6,63,27.812,6/19/2025 15:00
2438,27.6,63.7,27.812,6/19/2025 15:00
2439,27.7,63.4,27.812,6/19/2025 15:00
2440,27.6,62.4,27.75,6/19/2025 15:00
2441,27.7,62.6,27.75,6/19/2025 15:00
2442,27.7,62.2,27.75,6/19/2025 15:00
2443,27.7,62,27.75,6/19/2025 15:00
2444,27.7,62.4,27.687,6/19/2025 15:01
2445,27.7,62,27.687,6/19/2025 15:01
2446,27.7,61.5,27.687,6/19/2025 15:01
2447,27.7,61.6,27.687,6/19/2025 15:01
2448,27.7,61.8,27.687,6/19/2025 15:01
2449,27.7,62,27.687,6/19/2025 15:01
2450,27.7,62.3,27.687,6/19/2025 15:01
2451,27.6,61.9,27.687,6/19/2025 15:01
2452,27.7,62.4,27.375,6/19/2025 15:14
2453,27.3,62.9,27.375,6/19/2025 15:14
2454,27.3,62.1,27.312,6/19/2025 15:14
2455,27.3,62.2,27.312,6/19/2025 15:15
2456,27.3,62.8,27.312,6/19/2025 15:15
2457,27.3,62.5,27.312,6/19/2025 15:15
2458,27.3,62.7,27.312,6/19/2025 15:15
2459,26.8,63.8,29.875,6/19/2025 17:35
2460,26.9,63.7,29.812,6/19/2025 17:35
2461,26.9,63.7,29.812,6/19/2025 17:35
2462,26.9,63.6,29.812,6/19/2025 17:35
2463,26.9,63.6,29.75,6/19/2025 17:35
2464,26.9,64.9,29.687,6/19/2025 17:35
2465,26.9,65.2,29.687,6/19/2025 17:35
2466,26.9,64,29.687,6/19/2025 17:35
2467,26.9,63.4,29.625,6/19/2025 17:35
2468,26.9,63.1,29.687,6/19/2025 17:35
2469,26.9,62.8,29.687,6/19/2025 17:35
2470,26.9,62.6,29.625,6/19/2025 17:35
2471,26.9,62.6,29.625,6/19/2025 17:36
2472,26.9,62.6,29.625,6/19/2025 17:36
2473,26.9,62.9,29.625,6/19/2025 17:36
2474,26.9,63,29.625,6/19/2025 17:36
2475,27,63,29.625,6/19/2025 17:36
2476,27,63.1,29.625,6/19/2025 17:36
2477,27,63.1,29.625,6/19/2025 17:36
2478,26.9,63.2,29.625,6/19/2025 17:36
2479,26.9,63.2,29.625,6/19/2025 17:36
2480,26.9,63.2,29.625,6/19/2025 17:36
2481,26.9,63.3,29.562,6/19/2025 17:36
2482,27,63.3,29.625,6/19/2025 17:36
2483,27,63.2,29.625,6/19/2025 17:36
2484,26.9,63.2,29.562,6/19/2025 17:36
2485,26.9,63.2,29.625,6/19/2025 17:36
2486,27,63,29.625,6/19/2025 17:37
2487,26.9,63,29.625,6/19/2025 17:37
2488,26.9,62.9,29.625,6/19/2025 17:37
2489,26.9,63,29.625,6/19/2025 17:37
2490,26.9,63,29.562,6/19/2025 17:37
2491,26.9,62.9,29.5,6/19/2025 17:37
2492,26.9,62.9,29.5,6/19/2025 17:37
2493,26.9,62.9,29.562,6/19/2025 17:37
2494,26.9,62.8,29.5,6/19/2025 17:37
2495,26.9,62.7,29.5,6/19/2025 17:37
2496,26.9,62.7,29.5,6/19/2025 17:37
2497,26.9,62.7,29.5,6/19/2025 17:37
2498,26.9,62.7,29.5,6/19/2025 17:37
2499,26.9,62.6,29.5,6/19/2025 17:37
2500,26.9,62.7,29.437,6/19/2025 17:37
2501,26.9,62.9,29.437,6/19/2025 17:38
2502,26.9,62.9,29.312,6/19/2025 17:38
2503,26.9,62.8,29.312,6/19/2025 17:38
2504,26.9,62.8,29.312,6/19/2025 17:38
2505,26.9,62.8,29.312,6/19/2025 17:38
2506,26.9,62.8,29.312,6/19/2025 17:38
2507,26.9,62.8,29.312,6/19/2025 17:38
2508,26.9,62.7,29.25,6/19/2025 17:38
2509,26.9,62.7,29.187,6/19/2025 17:38
2510,26.9,64.7,29.25,6/19/2025 17:38
2511,26.9,64.9,29.25,6/19/2025 17:38
2512,26.9,64.7,29.25,6/19/2025 17:38
2513,27,64.5,29.25,6/19/2025 17:38
2514,27,64.1,29.187,6/19/2025 17:39
2515,27,63.7,29.187,6/19/2025 17:39
2516,27,63.7,29.187,6/19/2025 17:39
2517,27,63.6,29.187,6/19/2025 17:39
2518,27,63.6,29.187,6/19/2025 17:39
2519,27,63.6,29.187,6/19/2025 17:39
2520,27,63.4,29.187,6/19/2025 17:39
2521,27,63.4,29.187,6/19/2025 17:39
2522,27,63.3,29.187,6/19/2025 17:39
2523,27,63.3,29.187,6/19/2025 17:39
2524,27,63.3,29.125,6/19/2025 17:39
2525,27,63.3,29.125,6/19/2025 17:39
2526,27,63.3,29.125,6/19/2025 17:39
2527,27,63.4,29.125,6/19/2025 17:39
2528,27,63.3,29.125,6/19/2025 17:39
2529,27,63.2,29.062,6/19/2025 17:40
2530,26.9,63.1,29,6/19/2025 17:40
2531,26.3,71.9,26.187,6/19/2025 19:49
2532,26.2,72,26.187,6/19/2025 19:49
2533,26.2,72.1,26.125,6/19/2025 19:49
2534,26.1,71.8,26.125,6/19/2025 19:49
2535,26.1,71.7,26.125,6/19/2025 19:50
2536,26.1,71.7,26.062,6/19/2025 19:50
2537,26.1,72,26,6/19/2025 19:50
2538,26.1,71.8,26.062,6/19/2025 19:50
2539,26,71.8,26,6/19/2025 19:50
2540,26,72.2,26,6/19/2025 19:50
2541,26,72.1,25.875,6/19/2025 19:50
2542,26,70.3,25.812,6/19/2025 19:50
2543,25.9,70.3,25.75,6/19/2025 19:50
2544,25.8,70.4,25.687,6/19/2025 19:50
2545,25.8,70.5,25.687,6/19/2025 19:50
2546,25.8,69.7,25.687,6/19/2025 19:50
2547,25.8,69.6,25.75,6/19/2025 19:50
2548,25.8,69.2,25.75,6/19/2025 19:50
2549,25.8,69.4,25.687,6/19/2025 19:51
2550,25.7,70,25.687,6/19/2025 19:51
2551,25.7,70.1,25.687,6/19/2025 19:51
2552,25.7,70.1,25.625,6/19/2025 19:51
2553,25.7,70.2,25.625,6/19/2025 19:51
2554,25.7,70.3,25.562,6/19/2025 19:51
2555,25.7,70.3,25.5,6/19/2025 19:51
2556,25.6,70.5,25.5,6/19/2025 19:51
2557,25.6,70.6,25.5,6/19/2025 19:51
2558,25.6,70.7,25.437,6/19/2025 19:51
2559,25.5,71,25.375,6/19/2025 19:51
2560,25.5,71.2,25.375,6/19/2025 19:51
2561,25.5,71.2,25.375,6/19/2025 19:51
2562,25.5,71.3,25.375,6/19/2025 19:51
2563,25.5,71.4,25.375,6/19/2025 19:51
2564,25.5,71.5,25.375,6/19/2025 19:52
2565,25.4,71.6,25.375,6/19/2025 19:52
2566,25.4,71.8,25.375,6/19/2025 19:52
2567,25.4,72,25.375,6/19/2025 19:52
2568,25.4,71.9,25.375,6/19/2025 19:52
2569,25.4,72.1,25.375,6/19/2025 19:52
2570,25.4,72.2,25.437,6/19/2025 19:52
2571,25.4,72.2,25.437,6/19/2025 19:52
2572,25.4,71.9,25.437,6/19/2025 19:52
2573,25.4,72.2,25.437,6/19/2025 19:52
2574,25.4,72,25.375,6/19/2025 19:52
2575,25.3,72.2,25.375,6/19/2025 19:52
2576,25.3,72.4,25.312,6/19/2025 19:52
2577,25.3,72.4,25.312,6/19/2025 19:52
2578,25.3,72.5,25.312,6/19/2025 19:52
2579,25.2,72.6,25.25,6/19/2025 19:53
2580,25.2,72.8,25.187,6/19/2025 19:53
2581,25.2,72.9,25.25,6/19/2025 19:53
2582,25.2,73,25.25,6/19/2025 19:53
2583,25.2,73,25.187,6/19/2025 19:53
2584,25.2,73.1,25.25,6/19/2025 19:53
2585,25.2,73.1,25.25,6/19/2025 19:53
2586,25.2,73.2,25.25,6/19/2025 19:53
2587,25.1,73.3,25.25,6/19/2025 19:53
